"Subtribe","Species Name","Authority","Synonymous","Chromosome number  (2n)","Chromosome number  (n)","Chromosome number  Reference","Genome Size (1C (pg))","Genome Size Reference"
"Catasetinae","Genus Catasetum Rich ex. Kunth (194 species)",,,,,,,
"Catasetinae","Catasetum bertioguense ","G.A.Romero & Campacci",,54,"NA","De Oliveira et al. (2013)","NA",
"Catasetinae","Catasetum galeritum","Rchb.f.","Catasetum galeritum var. pachyglossum Rchb.f. ",54,"NA","De Oliveira et al. (2013)","NA",
"Catasetinae","Catasetum macrocarpum","Rich. ex Kunth","Catasetum claveringii Lindl. ex Van Geel; Catasetum floribundum Hook.; Catasetum macrocarpum var. bellum Rchb.f.; Catasetum macrocarpum var. carnosissimum Cogn.; Catasetum macrocarpum var. chrysanthum L.Linden & Rodigas; Catasetum tridentatum Hook.; Catasetum tridentatum var. viridiflorum Hook.; Cypripedium cothurnum Vell.; Paphiopedilum cothurnum (Vell.) Pfitzer ",54,"NA","Jones & Daker (1968)","NA",
"Catasetinae","Catasetum macrocarpum","Rich. ex Kunth","Catasetum claveringii Lindl. ex Van Geel; Catasetum floribundum Hook.; Catasetum macrocarpum var. bellum Rchb.f.; Catasetum macrocarpum var. carnosissimum Cogn.; Catasetum macrocarpum var. chrysanthum L.Linden & Rodigas; Catasetum tridentatum Hook.; Catasetum tridentatum var. viridiflorum Hook.; Cypripedium cothurnum Vell.; Paphiopedilum cothurnum (Vell.) Pfitzer ",54,"NA","Félix & Guerra (2000)","NA",
"Catasetinae","Catasetum macrocarpum","Rich. ex Kunth","Catasetum claveringii Lindl. ex Van Geel; Catasetum floribundum Hook.; Catasetum macrocarpum var. bellum Rchb.f.; Catasetum macrocarpum var. carnosissimum Cogn.; Catasetum macrocarpum var. chrysanthum L.Linden & Rodigas; Catasetum tridentatum Hook.; Catasetum tridentatum var. viridiflorum Hook.; Cypripedium cothurnum Vell.; Paphiopedilum cothurnum (Vell.) Pfitzer ",56,"NA","De Oliveira et al. (2013)","NA",
"Catasetinae","Catasetum macrocarpum","Rich. ex Kunth","Catasetum claveringii Lindl. ex Van Geel; Catasetum floribundum Hook.; Catasetum macrocarpum var. bellum Rchb.f.; Catasetum macrocarpum var. carnosissimum Cogn.; Catasetum macrocarpum var. chrysanthum L.Linden & Rodigas; Catasetum tridentatum Hook.; Catasetum tridentatum var. viridiflorum Hook.; Cypripedium cothurnum Vell.; Paphiopedilum cothurnum (Vell.) Pfitzer ",56,"NA","Blumenschein (1960)","NA",
"Catasetinae","Catasetum macrocarpum","Rich. ex Kunth","Catasetum claveringii Lindl. ex Van Geel; Catasetum floribundum Hook.; Catasetum macrocarpum var. bellum Rchb.f.; Catasetum macrocarpum var. carnosissimum Cogn.; Catasetum macrocarpum var. chrysanthum L.Linden & Rodigas; Catasetum tridentatum Hook.; Catasetum tridentatum var. viridiflorum Hook.; Cypripedium cothurnum Vell.; Paphiopedilum cothurnum (Vell.) Pfitzer ",72,"NA","Borges (2015)","NA",
"Catasetinae","Catasetum barbatum","(Lindl.) Lindl.","Catasetum brachybulbon Schltr.; Catasetum buchtienii Kraenzl.; Catasetum comosum Cogn.; Catasetum crinitum L. Linden & Rchb. f.; Catasetum polydactylon Schltr.; Catasetum proboscideum Lindl.; Catasetum spinosum (Hook.) Lindl.; Catasetum variabile Barb.Rodr.; Myanthus barbatus Lindl.; Myanthus barbatus var. immaculatus Knowles & Westc.; Myanthus spinosus Hook. ",54,"NA","Félix & Guerra (2000)","NA",
"Catasetinae","Catasetum barbatum","(Lindl.) Lindl.","Catasetum brachybulbon Schltr.; Catasetum buchtienii Kraenzl.; Catasetum comosum Cogn.; Catasetum crinitum L. Linden & Rchb. f.; Catasetum polydactylon Schltr.; Catasetum proboscideum Lindl.; Catasetum spinosum (Hook.) Lindl.; Catasetum variabile Barb.Rodr.; Myanthus barbatus Lindl.; Myanthus barbatus var. immaculatus Knowles & Westc.; Myanthus spinosus Hook. ",54,"NA","De Oliveira et al. (2013)","NA",
"Catasetinae","Catasetum schmidtianum","F.E.L.Miranda & K.G.Lacerda",,54,"NA","De Oliveira et al. (2013)",06.05,"Vieira (2013)"
"Catasetinae","Catasetum triodon","Rchb.f.","Catasetum monodon Kraenzl. ",54,"NA","De Oliveira et al. (2013)","NA",
"Catasetinae","Catasetum confusum","G.A.Romero",,56,"NA","Borges (2015)","NA",
"Catasetinae","Catasetum confusum","G.A.Romero",,56,"NA","De Oliveira et al. (2013)","NA",
"Catasetinae","Catasetum maranhense","Lacerda & Silva",,54,"NA","De Oliveira et al. (2013)","NA",
"Catasetinae","Catasetum mattosianum","Bicalho",,54,"NA","De Oliveira et al. (2013)","NA",
"Catasetinae","Catasetum ornithoides","Pabst",,54,"NA","De Oliveira et al. (2013)","NA",
"Catasetinae","Catasetum discolor","(Lindl.) Lindl.","Catasetum ciliatum Barb.Rodr.; Catasetum claesianum L.Linden & Cogn.; Catasetum discolor var. bushnanii Cogn.; Catasetum discolor var. claesianum (L.Linden & Cogn.) Mansf.; Catasetum discolor var. fimbriatum Rchb.f.; Catasetum discolor var. vinosum Cogn.; Catasetum discolor var. viridiflorum Cogn.; Monachanthus bushnanii Hook.; Monachanthus discolor Lindl.; Monachanthus discolor var. bushnanii Hook.; Monachanthus discolor var. viridiflorus Hook. ",108,"NA","Jones & Daker (1968)","NA",
"Catasetinae","Catasetum discolor","(Lindl.) Lindl.","Catasetum ciliatum Barb.Rodr.; Catasetum claesianum L.Linden & Cogn.; Catasetum discolor var. bushnanii Cogn.; Catasetum discolor var. claesianum (L.Linden & Cogn.) Mansf.; Catasetum discolor var. fimbriatum Rchb.f.; Catasetum discolor var. vinosum Cogn.; Catasetum discolor var. viridiflorum Cogn.; Monachanthus bushnanii Hook.; Monachanthus discolor Lindl.; Monachanthus discolor var. bushnanii Hook.; Monachanthus discolor var. viridiflorus Hook. ",108,"NA","De Oliveira et al. (2013)","NA",
"Catasetinae","Catasetum atratum","Lindl.","Catasetum pallidum Klotzsch;Monachanthus atratus (Lindl.) Linden ","c.108","NA","Jones & Daker (1968)","NA",
"Catasetinae","Catasetum callosum ","Lindl.","Catasetum acallosum Lindl. ex Rchb.f.; Catasetum arachnoides Ames; Catasetum arachnoideum Ames; Catasetum callosum var. grandiflorum Hook.; Catasetum darwinianum Rolfe; Catasetum fuliginosum Lindl.; Catasetum fuliginosum Rolfe;Catasetum landsbergii Lindl. & Paxton; Catasetum recurvatum Link, Klotzsch & Otto; Myanthus callosus Beer; Myanthus grandiflorus Beer; Myanthus landsbergii (Lindl. & Paxton) Reinw. & de Vriese ",108,"NA","Jones & Daker (1968)","NA",
"Catasetinae","Catasetum cassideum","Linden & Rchb.f.",,54,"NA","Jones & Daker (1968)","NA",
"Catasetinae","Catasetum cernuum ","(Lindl.) Rchb.f.","Catasetum cernuum var. revolutum Cogn.; Catasetum cernuum var. umbrosum (Barb.Rodr.) Cogn.; Catasetum trifidum Hook.; Catasetum umbrosum Barb.Rodr.; Catasetum viride (Lindl.) Lindl.; Monachanthus viridis Lindl.; Myanthus cernuus Lindl. ",54,"NA","Jones & Daker (1968)","NA",
"Catasetinae","Catasetum fimbriatum ","(C.Morren) Lindl.","Catasetum cogniauxii L.Linden; Catasetum fimbriatum var. aurantiacum Porsch; Catasetum fimbriatum var. brevipetalum Porsch; Catasetum fimbriatum var. fissum Rchb.f.; Catasetum fimbriatum var. inconstans (Hoehne) Mansf.; Catasetum fimbriatum var. micranthum Porsch; Catasetum fimbriatum var. morrenianum Mansf.; Catasetum fimbriatum var. ornithorrhynchum (Porsch) Mansf.; Catasetum fimbriatum var. platypterum Rchb.f.; Catasetum fimbriatum var. subtropicale Hauman; Catasetum fimbriatum var. viridulum Rchb.f.; Catasetum inconstans Hoehne; Catasetum ornithorrhynchum Porsch; Catasetum pflanzii Schltr.; Catasetum wredeanum Schltr.; Myanthus fimbriatus C.Morren ",108,"NA","Jones & Daker (1968)",11.34,"Vieira (2013)"
"Catasetinae","Catasetum integerrimum","Hook.","Catasetum integerrimum var. purpurascens Hook.; Catasetum integerrimum var. viridiflorum Hook.; Catasetum wailesii Hook. ",54,"NA","Jones & Daker (1968)","NA",
"Catasetinae","Catasetum luridum ","(Link) Lindl.","Anguloa lurida Link; Catasetum abruptum Hook.; Catasetum lituratum Hoffmanns.; Catasetum squalidum Hoffmanns.;Epidendrum ollare Vell. ","c.54","NA","Jones & Daker (1968)","NA",
"Catasetinae","Catasetum pileatum ","Rchb.f.","Catasetum bungerothii N.E.Br.; Catasetum bungerothii var. album Linden & Rodigas; Catasetum bungerothii var. aurantiacum Cogn.; Catasetum bungerothii var. imperiale (L.Linden & Cogn.) Cogn.; Catasetum bungerothii var. lindenii Gower; Catasetum bungerothii var. pottsianum L.Linden & Rodigas; Catasetum bungerothii var. randii Rodigas; Catasetum bungerothii var. regale Gower; Catasetum imperiale L.Linden & Cogn.; Catasetum pileatum var. album (Linden & Rodigas) Hoehne; Catasetum pileatum var. imperiale (L.Linden & Cogn.) Cogn. ex Hoehne; Catasetum pileatum var. lindenii (Gower) Hoehne; Catasetum pileatum var. regale (Gower) Hoehne; Catasetum × splendens var. imperiale (L.Linden & Cogn.) Rolfe ","c.108","NA","Jones & Daker (1968)","NA",
"Catasetinae","Catasetum planiceps ","Lindl.","Catasetum chloranthum Cogn.; Catasetum hymenophorum Cogn. ","c.108, c.162","NA","Jones & Daker (1968)","NA",
"Catasetinae","Catasetum viridiflavum ","Hook.","Catasetum serratum Lindl.",54,"NA","Jones & Daker (1968)","NA",
"Catasetinae","Catasetum deltoideum ","(Lindl.) Mutel",,"c.54","NA","Jones & Daker (1968)","NA",
"Catasetinae","Catasetum x altaflorestense ","Benelli & Grade",,80,"NA","Vieira (2013)",06.04,"Vieira (2013)"
"Catasetinae","Catasetum boyi ","Mansf.",,54,"NA","Vieira (2013)",06.03,"Vieira (2013)"
"Catasetinae","Catasetum blackii ","Pabst",,66,"NA","Vieira (2013)",06.06,"Vieira (2013)"
"Catasetinae","Catasetum socco","(Vell.) Hoehne","Catasetum lichtensteinii Kraenzl.; Catasetum trulla Lindl.; Catasetum trulla var. lichtensteinii (Kraenzl.) Mansf.; Catasetum trulla var. maculatissimum Rchb.f.; Catasetum trulla var. subimberbe Rchb.f.; Catasetum trulla var. typum Hoehne; Cypripedium socco Vell.; Paphiopedilum socco (Vell.) Pfitzer ",54,"NA","Jones & Daker (1968)","NA",
"Catasetinae","Catasetum juruenense ","Hoehne",,66,"NA","Vieira (2013)",06.06,"Vieira (2013)"
"Catasetinae","Genus Galeandra Lindl. (39 species)",,,,,,,
"Catasetinae","Galeandra baueri","Lindl.","Galeandra cristata Lindl.; Galeandra funckiana Lindl. ex Rchb.f.; Galeandra funckii Lindl. ex Rchb.f. ",56,"NA","Aoyama (1989)","NA",
"Catasetinae","Galeandra beyrichii","Rchb.f.","Galeandra coxipoensis Hoehne; Galeandra fiebrigii Schltr.; Galeandra viridis Barb.Rodr. ",54,"NA","Daviña et al. (2009)","NA",
"Catasetinae","Galeandra devoniana","M.R.Schomb. ex Lindl.","Galeandra devoniana var. delphina L.Linden & Rodigas ",56,"NA","Aoyama (1989)","NA",
"Catasetinae","Genus Grobya Lindl. (5 species)",,,,,,,
"Catasetinae","Grobya amherstiae","Lindl.",,54,"NA","Aoyama (1989)","NA",
"Catasetinae","Genus Clowesia Lindl. (7 species)",,,,,,,
"Catasetinae","Clowesia russelliana ","(Hook.) Dodson","Catasetum calceolatum Lem.; Catasetum russellianum Hook.; Cycnoches viride K.Koch ",54,"NA","Jones & Daker (1968)","NA",
"Catasetinae","Clowesia thylaciochila","(Lem.) Dodson","Catasetum thylaciochilum Lem. ",54,"NA","Jones & Daker (1968)","NA",
"Catasetinae","Genus Cycnoches Lindl. (34 species)",,,,,,,
"Catasetinae","Cycnoches chlorochilon ","Klotzsch","Cycnoches ventricosum var. chlorochilon (Klotzsch) P.H.Allen ",68,"NA","Jones & Daker (1968)","NA",
"Catasetinae","Cycnoches egertonianum ","Bateman","Cycnoches amparoanum Schltr.; Cycnoches egertonianum var. egertonianum; Cycnoches glanduliferum A. Rich. & Galeotti ex Hemsl.; Cycnoches pauciflorum Schltr.; Cycnoches ventricosum var. egertonianum (Bateman) Hook. ","c.68","NA","Jones & Daker (1968)","NA",
"Catasetinae","Cycnoches loddigesii ","Lindl.","Cycnoches cucullatum Lindl.; Cycnoches loddigesii var. leucochilum Hook. ",64,"NA","Jones & Daker (1968)","NA",
"Catasetinae","Cycnoches ventricosum ","Bateman",,68,"NA","Jones & Daker (1968)","NA",
"Catasetinae","Genus Mormodes Lindl. (83 species)",,,,,,,
"Catasetinae","Mormodes rolfeana ","L. Linden",,54,"NA","Nakata & Hashimoto (1990)","NA",
"Catasetinae","Mormodes buccinator ","Lindl.","Catasetum buccinator Lindl. ex Stein; Mormodes amazonica Brade; Mormodes brachystachya Klotzsch; Mormodes buccinator var. aurantiacum Rolfe; Mormodes buccinator var. major Rchb.f.; Mormodes buccinator var. theiochlora Rchb.f.; Mormodes flavida Klotzsch ; Mormodes lentiginosa Hook.; Mormodes leucochila Klotzsch; Mormodes marmorea Klotzsch; Mormodes theiochlora (Rchb.f.) Salazar; Mormodes vitellina Klotzsch; Mormodes wageneriana Klotzsch ",54,"NA","Jones & Daker (1968)","NA",
"Catasetinae","Mormodes lineata ","Bateman ex Lindl.","Catasetum trimerochilum Lem.; Mormodes histrio Linden & Rchb.f.",54,"NA","Jones & Daker (1968)","NA",
"Coeliopsidinae","Genus Peristeria Hook. (13 species)",,,,,,,
"Coeliopsidinae","Peristeria elata","Hook.",,40,"NA","Jones et al. (1998)",4.70,"Jones et al. (1998)"
"Coeliopsidinae","Peristeria guttata","Knowles & Westc.","Lycomormium minus Kraenzl. ",40,"NA","Daker & Jones (1970)","NA",
"Cymbidiinae","Genus Ansellia Lindl. (1 specie)",,,,,,,
"Cymbidiinae","Ansellia africana ","Lindl.","Ansellia africana subsp. africana; Ansellia africana var. nilotica Baker; Ansellia confusa N.E.Br.; Ansellia congoensis Rodigas; Ansellia gigantea Rchb.f.; Ansellia gigantea subsp. nilotica (Baker) Senghas; Ansellia gigantea var. nilotica (Baker) Summerh.; Ansellia humilis W.Bull; Ansellia nilotica (Baker) N.E.Br.; Cymbidium sandersonii Harv. ",42,"NA","Aoyama (1989)",1.86,"Rupp et al. (2010)"
"Cymbidiinae","Genus Cymbidium Sw. (83 species)",,,,,,,
"Cymbidiinae","Cymbidium aliciae","Quisumb.","Cymbidium cyperifolium var. aliciae (Quisumb.) O.Gruss & M.Wolff ",40,"NA","Aoyama (1989)",,
"Cymbidiinae","Cymbidium aloifolium","(L.) Sw.","Aerides borassii Buch.-Ham. ex Sm.; Cymbidium erectum Wight; Cymbidium intermedium H.G.Jones; Cymbidium pendulum (Roxb.) Sw.; Cymbidium simulans Rolfe; Epidendrum aloides Curtis; Epidendrum aloifolium L.; Epidendrum pendulum Roxb. ",40,"NA","Aoyama (1989)",4.70,"Narayan et al. (1989)"
"Cymbidiinae","Cymbidium aloifolium","(L.) Sw.","Aerides borassii Buch.-Ham. ex Sm.; Cymbidium erectum Wight; Cymbidium intermedium H.G.Jones; Cymbidium pendulum (Roxb.) Sw.; Cymbidium simulans Rolfe; Epidendrum aloides Curtis; Epidendrum aloifolium L.; Epidendrum pendulum Roxb. ",40,"NA","Vij et al. (1982) ",4.71,"Narayan et al. (1989)"
"Cymbidiinae","Cymbidium aloifolium","(L.) Sw.","Aerides borassii Buch.-Ham. ex Sm.; Cymbidium erectum Wight; Cymbidium intermedium H.G.Jones; Cymbidium pendulum (Roxb.) Sw.; Cymbidium simulans Rolfe; Epidendrum aloides Curtis; Epidendrum aloifolium L.; Epidendrum pendulum Roxb. ",40,"NA","Singh (1981)",4.72,"Narayan et al. (1989)"
"Cymbidiinae","Cymbidium aloifolium","(L.) Sw.","Aerides borassii Buch.-Ham. ex Sm.; Cymbidium erectum Wight; Cymbidium intermedium H.G.Jones; Cymbidium pendulum (Roxb.) Sw.; Cymbidium simulans Rolfe; Epidendrum aloides Curtis; Epidendrum aloifolium L.; Epidendrum pendulum Roxb. ",40,"NA","Biswas (1980a)",4.73,"Narayan et al. (1989)"
"Cymbidiinae","Cymbidium aloifolium","(L.) Sw.","Aerides borassii Buch.-Ham. ex Sm.; Cymbidium erectum Wight; Cymbidium intermedium H.G.Jones; Cymbidium pendulum (Roxb.) Sw.; Cymbidium simulans Rolfe; Epidendrum aloides Curtis; Epidendrum aloifolium L.; Epidendrum pendulum Roxb. ",40,"NA","Chean et al. (2003)",4.74,"Narayan et al. (1989)"
"Cymbidiinae","Cymbidium aloifolium","(L.) Sw.","Aerides borassii Buch.-Ham. ex Sm.; Cymbidium erectum Wight; Cymbidium intermedium H.G.Jones; Cymbidium pendulum (Roxb.) Sw.; Cymbidium simulans Rolfe; Epidendrum aloides Curtis; Epidendrum aloifolium L.; Epidendrum pendulum Roxb. ",40,"NA","Roy & Biswas (2001)",4.75,"Narayan et al. (1989)"
"Cymbidiinae","Cymbidium atropurpureum","(Lindl.) Rolfe","Cymbidium atropurpureum var. olivaceum J.J.Sm.; Cymbidium finlaysonianum var. atropurpureum (Lindl.) A.H.Kent; Cymbidium finlaysonianum var. atropurpureum (Lindl.) Veitch; Cymbidium pendulum var. atropurpureum Lindl. ",40,"NA","Pancho (1965)","NA",
"Cymbidiinae","Cymbidium bicolor","Lindl. ","Cymbidium bicolor subsp. bicolor  ",42,"NA","Zaman & Sultana (1983)","NA",
"Cymbidiinae","Cymbidium bicolor","Lindl. ","Cymbidium bicolor subsp. bicolor  ",40,"NA","Swamy (1941)","NA",
"Cymbidiinae","Cymbidium canaliculatum","R.Br.","Cymbidium canaliculatum f. aureolum Rupp; Cymbidium canaliculatum f. barrettii (Nicholls) O.Gruss & M.Wolff; Cymbidium canaliculatum f. fuscum Rupp; Cymbidium canaliculatum f. purpurascens Rupp; Cymbidium canaliculatum f. sparkesii (Rendle) O.Gruss & M.Wolff; Cymbidium canaliculatum var. barrettii Nicholls; Cymbidium canaliculatum var. marginatum Rupp; Cymbidium canaliculatum var. sparkesii (Rendle) F.M.Bailey; Cymbidium sparkesii Rendle ",40,"NA","Aoyama (1989)","NA",
"Cymbidiinae","Cymbidium cerinum ","Schltr.",,"NA","NA",,4.05,"Nagl & Capesius (1977)"
"Cymbidiinae","Cymbidium chloranthum","Lindl.","Cymbidium chloranthum subsp. chloranthum; Cymbidium pulchellum Schltr.; Cymbidium sanguineum Teijsm. & Binn.; Cymbidium sanguinolentum Teijsm. & Binn.; Cymbidium variciferum Rchb.f. ",40,"NA","Aoyama (1989)","NA",
"Cymbidiinae","Cymbidium cochleare","Lindl.","Cymbidium babae (Kudô ex Masam.) Masam.; Cymbidium kanran var. babae (Kudô ex Masam.) S.S. Ying; Cyperorchis babae Kudô ex Masam.; Cyperorchis cochleare (Lindl.) Benth.; Cyperorchis cochlearis (Lindl.) Benth.; Cyperorchis kanran var. babae (Kudô ex Masam.) S.S. Ying ",40,"NA","Vij et al. (1982)","NA",
"Cymbidiinae","Cymbidium cyperifolium","Wall. ex Lindl.","Cymbidium carnosum Griff.; Cymbidium cyperifolium subsp. cyperifolium; Cymbidium viridiflorum Griff.; Cyperorchis wallichii Blume; Geodorum longifolium (Roxb.) Voigt; Limodorum cyperifolium Buch.-Ham. ex Lindl.; Limodorum longifolium Roxb. ",40,"NA","Vij et al. (1982)","NA",
"Cymbidiinae","Cymbidium cyperifolium","Wall. ex Lindl.","Cymbidium carnosum Griff.; Cymbidium cyperifolium subsp. cyperifolium; Cymbidium viridiflorum Griff.; Cyperorchis wallichii Blume; Geodorum longifolium (Roxb.) Voigt; Limodorum cyperifolium Buch.-Ham. ex Lindl.; Limodorum longifolium Roxb. ",40,"NA","Biswas (1980b)","NA",
"Cymbidiinae","Cymbidium dayanum","Rchb.f.","Cymbidium acutum Ridl.; Cymbidium alborubens Makino; Cymbidium angustifolium Ames & C.Schweinf.; Cymbidium dayanum subsp. leachianum (Rchb.f.) S.S.Ying; Cymbidium dayanum var. albiflorum S.S. Ying; Cymbidium dayanum var. austrojaponicum Tuyama; Cymbidium dayanum var. leachianum (Rchb. f.) S.S. Ying; Cymbidium eburneum var. austrojaponicum (Tuyama) M.Hiroe; Cymbidium eburneum var. dayanum (Rchb.f.) Hook.f.; Cymbidium eburneum var. dayi Jennings; Cymbidium leachianum Rchb.f.; Cymbidium poilanei Gagnep.; Cymbidium pulcherrimum Sander; Cymbidium simonsianum King & Pantl.; Cymbidium simonsianum f. vernale Makino; Cymbidium sutepense Rolfe ex Downie",40,"NA","Aoyama (1989)","NA",
"Cymbidiinae","Cymbidium devonianum","Paxton","Cymbidium rigidum Z.J.Liu & S.C.Chen; Cymbidium sikkimense Hook.f. ",40,"NA","Aoyama (1989)","NA",
"Cymbidiinae","Cymbidium eburneum","Lindl.","Cymbidium eburneum var. longzhouense Z.J.Liu & S.C.Chen; Cymbidium eburneum var. philbrickianum Rchb.f.; Cymbidium eburneum var. williamsianum Rchb.f.; Cymbidium syringodorum Griff.; Cyperorchis eburnea (Lindl.) Schltr.",40,"NA","Aoyama (1989)","NA",
"Cymbidiinae","Cymbidium elegans","Lindl.","Cymbidium densiflorum Griff.; Cymbidium elegans var. elegans; Cymbidium elegans var. lutescens Hook.f.; Cymbidium elegans var. obcordatum Rchb.f.; Cymbidium longifolium D.Don; Cyperorchis elegans (Lindl.) Blume; Cyperorchis longifolia (D.Don) Schltr.; Limodorum angustifolium Buch.-Ham. ex Lindl. ",40,"NA","Aoyama (1989)","NA",
"Cymbidiinae","Cymbidium ensifolium","(L.) Sw.","Cymbidium albomarginatum Makino; Cymbidium arrogans Hayata; Cymbidium ensifolium f. arcuatum T.C.Yen; Cymbidium ensifolium f. falcatum T.C.Yen; Cymbidium ensifolium f. flaccidior Makino; Cymbidium ensifolium var. misericors (Hayata) T.P.Lin; Cymbidium ensifolium var. misericors (Hayata) T.S. Liu & H.J. Su; Cymbidium ensifolium var. rubrigemmum (Hayata) T.S.Liu & H.J.Su; Cymbidium ensifolium var. striatum Lindl.; Cymbidium ensifolium var. susin T.C.Yen; Cymbidium ensifolium var. xiphiifolium (Lindl.) S.S.Ying; Cymbidium ensifolium var. yakibaran (Makino) Y.S.Wu & S.C.Chen; Cymbidium estriatum Lindl. ex Steud.; Cymbidium gonzalesii Quisumb.; Cymbidium gyokuchin Makino; Cymbidium gyokuchin var. arrogans (Hayata) S.S.Ying; Cymbidium gyokuchin var. soshin Makino; Cymbidium kanran var. misericors (Hayata) S.S.Ying; Cymbidium koran Makino; Cymbidium micans Schauer; Cymbidium misericors Hayata; Cymbidium misericors var. oreophilum Hayata; Cymbidium niveomarginatum Makino; Cymbidium prompovenium Z.J.Liu & J.N.Zhang; Cymbidium rubrigemmum Hayata; Cymbidium shimaran Makino; Cymbidium xiphiifolium Lindl.; Cymbidium yakibaran Makino; Cymbidium yongfuense Z.J.Liu & J.N.Zhang; Epidendrum ensifolium L.; Jensoa ensata (Thunb.) Raf.; Limodorum ensatum Thunb.; Liuguishania taiwanensis Z.J.Liu & J.N.Zhang ",40,"NA","Aoyama (1989)","NA",
"Cymbidiinae","Cymbidium erythraeum ","Lindl.","Cymbidium erythraeum var. erythraeum; Cymbidium hennisianum Schltr.; Cyperorchis hennisiana (Schltr.) Schltr. ","40, 42","NA","http://www.efloras.org/florataxon.aspx?flora_id=2&taxon_id=242316337","NA",
"Cymbidiinae","Cymbidium erythrostylum","Rolfe","Cyperorchis erythrostyla (Rolfe) Schltr. ",40,"NA","Aoyama (1989)","NA",
"Cymbidiinae","Cymbidium faberi","Rolfe","Cymbidium cerinum Schltr.; Cymbidium faberi var. faberi; Cymbidium fukiense T.C.Yen; Cymbidium oiwakense Hayata; Cymbidium scabroserrulatum Makino; Eulophia yunnanensis Rolfe; Semiphajus evrardii Gagnep. ",40,"NA","Aoyama (1989)","NA",
"Cymbidiinae","Cymbidium finlaysonianum","Lindl.","Cymbidium pendulum var. brevilabre Lindl.; Cymbidium tricolor Miq.; Cymbidium wallichii Lindl. ",40,"NA","Aoyama (1989)","NA",
"Cymbidiinae","Cymbidium finlaysonianum","Lindl.","Cymbidium pendulum var. brevilabre Lindl.; Cymbidium tricolor Miq.; Cymbidium wallichii Lindl. ",40,"NA","Pancho (1965)","NA",
"Cymbidiinae","Cymbidium floribundum","Lindl.","Cymbidium chawalongense C.L.Long, H.Li & Z.L.Dao; Cymbidium floribundum f. virescens (Makino) O.Gruss & M.Wolff; Cymbidium floribundum var. pumilum (Rolfe) Y.S.Wu & S.C.Chen; Cymbidium illiberale Hayata; Cymbidium pumilum Rolfe; Cymbidium pumilum f. virescens Makino ",40,"NA","Aoyama (1989)",4.40,"Nagl & Capesius (1977)"
"Cymbidiinae","Cymbidium goeringii ","(Rchb.f.) Rchb.f.","Cymbidium formosanum Hayata; Cymbidium formosanum f. albiflorum S.S.Ying; Cymbidium forrestii Rolfe; Cymbidium goeringii f. albiflorum (S.S.Ying) S.S.Ying; Cymbidium goeringii var. formosanum (Hayata) S.S.Ying; Cymbidium goeringii var. goeringii ; Cymbidium goeringii var. mackinnonii (Duthie) A.N.Rao; Cymbidium mackinnonii Duthie; Cymbidium pseudovirens Schltr.; Cymbidium tentyozanense Masam.; Cymbidium uniflorum T.C.Yen;Cymbidium virens Rchb.f.; Cymbidium virescens Lindl.; Cymbidium yunnanense Schltr.; Maxillaria goeringii Rchb.f. ",40,"NA","Aoyama (1989)","NA",
"Cymbidiinae","Cymbidium grandiflorum","Sw.","Status ambíguo",40,"NA","Vijayakumar & Subramanian (1994)","NA",
"Cymbidiinae","Cymbidium hookerianum","Rchb.f.","Cymbidium giganteum var. hookerianum (Rchb.f.) Desbois; Cymbidium grandiflorum Griff.; Cymbidium grandiflorum var. punctatum Cogn.; Cyperorchis grandiflora Schltr. ",40,"NA","Aoyama (1989)","NA",
"Cymbidiinae","Cymbidium insigne","Rolfe","Cymbidium insigne f. album (O'Brien) O.Gruss & M.Wolff; Cymbidium insigne subsp. insigne; Cymbidium insigne var. album O'Brien; Cymbidium insigne var. sanderi O'Brien; Cymbidium sanderi O'Brien; Cyperorchis insignis (Rolfe) Schltr. ",40,"NA","Aoyama (1989)","NA",
"Cymbidiinae","Cymbidium iridioides","D.Don","Cymbidium giganteum Wall. ex Lindl.; Cyperorchis gigantea (Blume) Schltr.; Iridorchis gigantea Blume; Limodorum longifolium Buch.-Ham. ex Lindl.",40,"NA","Aoyama (1989)","NA",
"Cymbidiinae","Cymbidium javanicum","Blume","Cymbidium lancifolium Hook.","38, 43, 57","NA","Aoyama (1989)","NA",
"Cymbidiinae","Cymbidium kanran","Makino","Cymbidium kanran f. purpurascens Makino; Cymbidium kanran var. aestivale Y.S. Wu; Cymbidium kanran var. purpureohiemale (Hayata) S.S.Ying; Cymbidium linearisepalum Yamam.; Cymbidium linearisepalum f. atropurpureum Yamam.; Cymbidium linearisepalum f. atrovirens Yamam.; Cymbidium linearisepalum var. atropurpureum (Yamam.) Masam.; Cymbidium linearisepalum var. atrovirens (Yamam.) Masam.; Cymbidium nigrovenium Z.J.Liu & J.N.Zhang; Cymbidium oreophilum Hayata; Cymbidium purpureohiemale Hayata; Cymbidium sinokanran T.C.Yen; Cymbidium sinokanran var. atropurpureum T.C.Yen; Cymbidium tosyaense Masam. ",40,"NA","Tanaka 1965a","NA",
"Cymbidiinae","Cymbidium kanran","Makino","Cymbidium kanran f. purpurascens Makino; Cymbidium kanran var. aestivale Y.S. Wu; Cymbidium kanran var. purpureohiemale (Hayata) S.S.Ying; Cymbidium linearisepalum Yamam.; Cymbidium linearisepalum f. atropurpureum Yamam.; Cymbidium linearisepalum f. atrovirens Yamam.; Cymbidium linearisepalum var. atropurpureum (Yamam.) Masam.; Cymbidium linearisepalum var. atrovirens (Yamam.) Masam.; Cymbidium nigrovenium Z.J.Liu & J.N.Zhang; Cymbidium oreophilum Hayata; Cymbidium purpureohiemale Hayata; Cymbidium sinokanran T.C.Yen; Cymbidium sinokanran var. atropurpureum T.C.Yen; Cymbidium tosyaense Masam. ",40.41,"NA","Aoyama (1989)","NA",
"Cymbidiinae","Cymbidium lancifolium","Hook.","Cymbidiopsis lancifolia (Hook.) H.J.Chowdhery; Cymbidium aspidistrifolium Fukuy.; Cymbidium bambusifolium Fowlie, F.Mark & F.S.Ho; Cymbidium caulescens Ridl.; Cymbidium cuspidatum Blume; Cymbidium gibsonii Lindl. & Paxton; Cymbidium javanicum Blume; Cymbidium javanicum var. aspidistrifolium (Fukuy.) F.Maek.; Cymbidium javanicum var. pantlingii F.Maek.; Cymbidium kerrii Rolfe ex Downie; Cymbidium lancifolium f. aspidistrifolium (Fukuy.) T.P.Lin; Cymbidium lancifolium var. aspidistrifolium (Fukuy.) S.S.Ying; Cymbidium lancifolium var. papuanum (Schltr.) S.S.Ying; Cymbidium lancifolium var. syunitianum (Fukuy.) S.S.Ying; Cymbidium longifolium var. aspidistrifolium (Fukuy.) S.S. Ying; Cymbidium maclehoseae S.Y.Hu Cymbidium nagifolium Masam.; Cymbidium papuanum Schltr.; Cymbidium syunitianum Fukuy. ",38,"NA","Li & Chen (1989)","NA",
"Cymbidiinae","Cymbidium lancifolium","Hook.","Cymbidiopsis lancifolia (Hook.) H.J.Chowdhery; Cymbidium aspidistrifolium Fukuy.; Cymbidium bambusifolium Fowlie, F.Mark & F.S.Ho; Cymbidium caulescens Ridl.; Cymbidium cuspidatum Blume; Cymbidium gibsonii Lindl. & Paxton; Cymbidium javanicum Blume; Cymbidium javanicum var. aspidistrifolium (Fukuy.) F.Maek.; Cymbidium javanicum var. pantlingii F.Maek.; Cymbidium kerrii Rolfe ex Downie; Cymbidium lancifolium f. aspidistrifolium (Fukuy.) T.P.Lin; Cymbidium lancifolium var. aspidistrifolium (Fukuy.) S.S.Ying; Cymbidium lancifolium var. papuanum (Schltr.) S.S.Ying; Cymbidium lancifolium var. syunitianum (Fukuy.) S.S.Ying; Cymbidium longifolium var. aspidistrifolium (Fukuy.) S.S. Ying; Cymbidium maclehoseae S.Y.Hu Cymbidium nagifolium Masam.; Cymbidium papuanum Schltr.; Cymbidium syunitianum Fukuy. ","38, 39","NA","Aoyama (1989)","NA",
"Cymbidiinae","Cymbidium lowianum","(Rchb.f.) Rchb.f.","Cymbidium giganteum var. lowianum Rchb.f.; Cymbidium hookerianum var. lowianum (Rchb.f.) Y.S.Wu & S.C.Chen; Cymbidium lowianum f. concolor (Rolfe) O.Gruss & M.Wolff; Cymbidium lowianum var. concolor Rolfe; Cymbidium lowianum var. lowianum; Cymbidium lowianum var. superbissimum L.Linden; Cymbidium lowianum var. viride Warner ex B.S.Williams; Cyperorchis lowiana (Rchb.f.) Schltr. ",40,"NA","Aoyama (1989)","NA",
"Cymbidiinae","Cymbidium macrorhizon","Lindl.","Aphyllorchis aberrans (Finet) Schltr.; Bletia nipponica Franch. & Sav.; Cymbidiopsis macrorhiza (Lindl.) H.J.Chowdhery; Cymbidium aberrans (Finet) Schltr.; Cymbidium aphyllum Ames & Schltr.; Cymbidium macrorhizon var. aberrans (Finet) P.J.Cribb & Du Puy; Cymbidium nipponicum (Franch. & Sav.) Rolfe; Cymbidium pedicellatum Finet; Cymbidium sagamiense (Nakai) Makino & Nemoto; Cymbidium szechuanensis S.Y.Hu; Pachyrhizanthe aberrans (Finet) Nakai; Pachyrhizanthe aphylla Nakai; Pachyrhizanthe macrorhizos (Lindl.) Nakai; Pachyrhizanthe nipponica (Franch. & Sav.) Nakai; Pachyrhizanthe sagamiensis Nakai; Yoania aberrans Finet ",38,"NA","Aoyama (1989)","NA",
"Cymbidiinae","Cymbidium madidum","Lindl.","Cymbidium albuciflorum F.Muell.; Cymbidium iridifolium A.Cunn. ex Lindl.; Cymbidium leae Rendle; Cymbidium leroyi St.Cloud; Cymbidium madidum var. leroyi (St.Cloud) Menninger; Cymbidium queeneanum Klinge ",40,"NA","Aoyama (1989)","NA",
"Cymbidiinae","Cymbidium mastersii","Griff. ex Lindl.","Cymbidium affine Griff.; Cymbidium mastersii var. album Rchb.f.; Cymbidium micromeson Lindl.; Cyperorchis mastersii (Griff. ex Lindl.) Benth. ",40,"NA","Aoyama (1989)","NA",
"Cymbidiinae","Cymbidium nanulum"," Y. S. Wu & S. C. Chen",,40,"NA","Li et al. (2002a)","NA",
"Cymbidiinae","Cymbidium parishii","Rchb.f.","Cymbidium eburneum var. parishii (Rchb.f.) Hook.f.; Cyperorchis parishii (Rchb.f.) Schltr. ",40,"NA","Aoyama (1989)","NA",
"Cymbidiinae","Cymbidium qiubeiense","K. M. Feng & H. Li",,40,"NA","Li et al. (2002b)","NA",
"Cymbidiinae","Cymbidium serratum ","Schltr.","Cymbidium formosanum var. gracillimum (Fukuy.) T.S.Liu & H.J.Su; Cymbidium goeringii var. gracillimum (Fukuy.) Govaerts; Cymbidium goeringii var. serratum (Schltr.) Y.S.Wu & S.C.Chen; Cymbidium gracillimum Fukuy. ",40,"NA","Li et al. (2002b)","NA",
"Cymbidiinae","Cymbidium sinense","(Jacks.) Willd.","Cymbidium albojucundissimum Hayata; Cymbidium chinense Heynh.; Cymbidium fragrans Salisb.; Cymbidium hoosai Makino; Cymbidium hoosai f. hakuran Makino; Cymbidium sinense f. albojucundissimum (Hayata) Fukuy.; Cymbidium sinense f. aureomarginatum T.C.Yen; Cymbidium sinense f. margicoloratum (Hayata) Fukuy.; Cymbidium sinense f. pallidiflorum (S.S.Ying) S.S.Ying; Cymbidium sinense f. taiwanianum (S.S.Ying) S.S.Ying; Cymbidium sinense f. viridiflorum T.C.Yen; Cymbidium sinense var. albojucundissimum (Hayata) Masam.; Cymbidium sinense var. album T.C.Yen; Cymbidium sinense var. bellum T.C.Yen; Cymbidium sinense var. margicoloratum Hayata; Cymbidium sinense var. pallidiflorum S.S.Ying; Cymbidium sinense var. taiwanianum S.S.Ying; Epidendrum sinense Jacks.;Wutongshania guangdongensis Z.J.Liu & J.N.Zhang ",40,"NA","Aoyama (1989)",3.20,"Jones et al. (1998) "
"Cymbidiinae","Cymbidium suavissimum ","Sander ex C. H. Curtis",,40,"NA","Li et al. (2003)","NA",
"Cymbidiinae","Cymbidium tigrinum","C.S.P.Parish ex Hook.","Cyperorchis tigrina (C.S.P.Parish ex Hook.) Schltr. ",40,"NA","Aoyama (1989)","NA",
"Cymbidiinae","Cymbidium tortisepalum var. longibracteatum ","(Y. S. Wu & S. C. Chen) S. C. Chen & Z. J. Liu","Cymbidium goeringii var. longibracteatum (Y.S.Wu & S.C.Chen) Y.S.Wu & S.C.Chen; Cymbidium longibracteatum Y.S.Wu & S.C.Chen ",40,"NA","Li et al. (2002b)","NA",
"Cymbidiinae","Cymbidium tracyanum ","L.Castle","Cyperorchis tracyana (L.Castle) Schltr. ",40,"NA","Aoyama (1989)","NA",
"Cymbidiinae","Cymbidium wenshanense ","Y. S. Wu & F. Y. Liu","Cymbidium quinquelobum Z.J.Liu & S.C.Chen; Cymbidium wenshanense var. quinquelobum (Z.J.Liu & S.C.Chen) Z.J.Liu, S.C.Chen & P.J.Cribb ",40,"NA","Li et al. (2003)","NA",
"Cymbidiinae","Cymbidium whiteae","King & Pantl.","Cyperorchis whiteae (King & Pantl.) Schltr. ",40,"NA","Aoyama (1989)","NA",
"Cymbidiinae","Genus Grammatophyllum Blume (12 species)",,,,,,,
"Cymbidiinae","Grammatophyllum stapeliiflorum","(Teijsm. & Binn.) J.J.Sm.","Cymbidium huttonii Hook.f.; Cymbidium stapeliiflorum Teijsm. & Binn.; Cymbidium stephensii Ridl.; Grammangis huttonii (Hook.f.) Benth. & Hook.f.; Grammangis stapeliiflora (Teijsm. & Binn.) Schltr.; Sadokum stapeliiflorum (Teijsm. & Binn.) D.Tiu & Cootes",40,"NA","Aoyama (1989)","NA",
"Cymbidiinae","Grammatophyllum speciosum","Blume","Grammatophyllum cominsii Rolfe; Grammatophyllum fastuosum Lindl.; Grammatophyllum giganteum Blume ex Rchb.f.; Grammatophyllum macranthum (Wight) Rchb.f.; Grammatophyllum pantherinum Rchb.f.; Grammatophyllum papuanum J.J.Sm.; Grammatophyllum sanderianum auct.; Pattonia macrantha Wight ",40,"NA","Aoyama (1989)","NA",
"Cymbidiinae","Grammatophyllum scriptum ","(L.) Blume","Cymbidium scriptum (L.) Sw.; Epidendrum scriptum L.; Gabertia scripta (L.) Gaudich.; Grammatophyllum boweri F.Muell.; Grammatophyllum celebicum Schltr.; Grammatophyllum leopardinum Rchb.f.; Grammatophyllum scriptum var. boweri (F.Muell.) Schltr.; Grammatophyllum scriptum var. minahassae Schltr.; Grammatophyllum seegerianum Hook.f.; Vanda scripta (L.) Spreng. ",40,"NA","Aoyama (1989)",1.70,"Jones et al. (1998) "
"Cymbidiinae","Genus Acriposis Blume (9 species)",,,,,,,
"Cymbidiinae","Acriopsis liliifolia","(J.Koenig) Seidenf.","Acriopsis annamica Finet; Acriopsis floribunda Ames; Acriopsis griffithii Rchb.f.; Acriopsis harae Tuyama; Acriopsis insulari-silvatica Fukuy.; Acriopsis javanica Reinw. ex Blume; Acriopsis javanica var. floribunda (Ames) Minderh. & de Vogel; Acriopsis javanica var. nelsoniana (F.M.Bailey) J.J.Sm.; Acriopsis liliifolia var. liliifolia; Acriopsis nelsoniana F.M.Bailey; Acriopsis papuana Kraenzl. ex K.Schum. & Lauterb.; Acriopsis philippinensis Ames; Acriopsis picta Lindl.; Acriopsis sumatrana Schltr.; Epidendrum liliifolium J.Koenig; Spathoglottis trivalvis Lindl. ",40,"NA","Aoyama (1989)","NA",
"Cymbidiinae","Genus Cymbidiella Rolfe (3 species)",,,,,,,
"Cymbidiinae","Cymbidiella flabellata","(Thouars) Rolfe","Caloglossum flabellatum (Thouars) Schltr.; Cymbidiella perrieri Schltr.; Cymbidium flabellatum (Thouars) Spreng.; Graphorkis flabellata (Spreng.) Kuntze; Limodorum flabellatum Thouars ",52,"NA","Aoyama (1989)","NA",
"Cymbidiinae","Cymbidiella pardalina","(Rchb.f.) Garay","Caloglossum rhodochilum (Rolfe) Schltr.; Cymbidiella rhodochila (Rolfe) Rolfe; Cymbidium loise-chauvierii hort.; Cymbidium rhodochilum Rolfe; Grammangis pardalina Rchb.f. ",52,"NA","Aoyama (1989)","NA",
"Cymbidiinae","Genus Dipodium R. Br. (24 species)",,,,,,,
"Cymbidiinae","Dipodium paludosum","(Griff.) Rchb.f.","Grammatophyllum affine Griff.; Grammatophyllum paludosum Griff.; Wailesia paludosa (Griff.) Rchb.f.",46,"NA","Aoyama (1989)","NA",
"Cymbidiinae","Genus Grammangis Rchb.f. (2 species)",,,,,,,
"Cymbidiinae","Grammangis ellisii","(Lindl.) Rchb.f.","Gabertia ellisii (Lindl.) Gaudich.; Grammangis ellisii var. dayanum Rchb.f.; Grammangis fallax Schltr.; Grammatophyllum ellisii Lindl. ",54,"NA","Aoyama (1989)","NA",
"Cymbidiinae","Genus Graphorkis Thouars (4 species)",,,,,,,
"Cymbidiinae","Graphorkis concolor var. alphabetica","F.N.Rasm.","Epidendrum scriptum Thouars; Eulophia scripta (Thouars) Lindl.; Eulophiopsis scripta (Thouars) Pfitzer; Graphorchis scripta (Lindl.) Kuntze; Graphorkis aiolographis Thouars; Graphorkis monographis Thouars; Graphorkis scripta (Thouars) Kuntze; Limodorum scriptum Thouars; Lissochilus scriptus (Thouars) H.Perrier ",54,"NA","Aoyama (1989)","NA",
"Cymbidiinae","Graphorkis lurida ","(Sw.) Kuntze","Angraecum luridum (Sw.) Lindl. ex Steud.; Eulophia longicollis Lindl.; Eulophia lurida (Sw.) Lindl.; Eulophia virilis Lindl.; Eulophiopsis lurida (Sw.) Schltr.; Graphorchis lurida (Sw.) Kuntze; Limodorum luridum Sw. ",52,"NA","Burg & Laan (1980)","NA",
"Cyrtopodiinae","Genus  Cyrtopodium R. Br. (48 species)",,,,,,,
"Cyrtopodiinae","Cyrtopodium punctatum","(L.) Lindl.","Cymbidium trinerve G.Mey.; Cyrtopodium bracteatum Linden ex Lindl.; Cyrtopodium punctatum var. bracteatum (Linden ex Lindl.) Rchb.f.; Cyrtopodium speciosissimum Planch.; Epidendrum mayzifolium Lindl.; Epidendrum punctatum L. ",46,"NA","Aoyama (1989)","NA",
"Cyrtopodiinae","Cyrtopodium andersonii","(Lamb. ex Andrews) R.Br.","Cymbidium andersonii Lamb. ex Andrews; Cyrtopodium andersonii var. flavescens (Cogn.) Cogn.; Cyrtopodium flavescens Cogn.; Cyrtopodium goodseffianum hort.; Cyrtopodium roraimense L.C.Menezes ",46,"NA","Aoyama (1989)","NA",
"Cyrtopodiinae","Cyrtopodium hatschbachii"," Pabst","Cyrtopodium bradei Schltr. ex Hoehne ","NA",23,"Grabiele et al. (2011)","NA",
"Eriopsidinae","Genus Eriopsis Lindl. (5 species)",,,,,,,
"Eriopsidinae","Eriopsis biloba","Lindl.","Eriopsis fuerstenbergii Kraenzl.; Eriopsis rhytidobulbon Lem.; Eriopsis schomburgkii (Rchb.f.) Rchb.f.; Pseuderiopsis schomburgkii Rchb.f. ",40,"NA","Daker & Jones (1970)",,
"Eriopsidinae","Eriopsis biloba","Lindl.","Eriopsis fuerstenbergii Kraenzl.; Eriopsis rhytidobulbon Lem.; Eriopsis schomburgkii (Rchb.f.) Rchb.f.; Pseuderiopsis schomburgkii Rchb.f. ",40,"NA","Ayoama (1989)",,
"Eriopsidinae","Eriopsis rutidobulbon","Hook.","Eriopsis colombiana Schltr.; Eriopsis werckleri Schltr. ",40,"NA","Daker & Jones (1970)",,
"Eriopsidinae","Eriopsis rutidobulbon","Hook.","Eriopsis colombiana Schltr.; Eriopsis werckleri Schltr. ",40,"NA","Ayoama (1989)",,
"Eulophiinae","Genus Eulophia R. Br. ex Lindl. (201 species)",,,,,,,
"Eulophiinae","Eulophia guineensis","Lindl.","Eulophia congoensis Cogn.; Eulophia guineensis var. kibilana Schltr.; Eulophia guineensis var. purpurata Rchb.f. ex Kotschy; Eulophia guineensis var. tisserantii Szlach. & Olszewski; Eulophia quartiniana A.Rich.; Galeandra quartiniana (A.Rich.) Rchb.f.; Graphorchis guineensis (Lindl.) Kuntze; Graphorkis guineensis (Lindl.) Kuntze; Saccolabium abyssinicum A.Rich. ",54,"NA","Aoyama (1989)","NA",
"Eulophiinae","Eulophia petersii","(Rchb.f.) Rchb.f.","Epidendrum schimperi Hochst. ex A.Rich.; Eulophia baginsensis Rchb.f.; Eulophia caffra Rchb.f.; Eulophia circinnata Rolfe; Eulophia coleae Rolfe; Eulophia gumbariensis De Wild.; Eulophia longipedunculata Rendle; Eulophia phillipsiae Rolfe; Eulophia schimperiana A.Rich.; Eulophia smithii Rolfe; Galeandra petersii Rchb.f.; Graphorchis baginsensis (Rchb. f.) Kuntze; Graphorchis caffra (Rchb. f.) Kuntze; Graphorchis petersii (Rchb. f.) Kuntze; Graphorkis baginsensis (Rchb.f.) Kuntze; Graphorkis caffra (Rchb.f.) Kuntze; Graphorkis petersii (Rchb.f.) Kuntze ",48,"NA","Aoyama (1989)","NA",
"Eulophiinae","Eulophia streptopetala","Lindl.","Eulophia crepidata Butzin; Eulophia grantii (Rchb.f.) Summerh.; Eulophia krebsii (Rchb.f.) Bolus; Eulophia manganjensis Rolfe; Eulophia paivaeana (Rchb.f.) Summerh.; Eulophia paivaeana subsp. borealis Summerh.; Eulophia streptopetala var. streptopetala; Eulophia stuhlmannii (Kraenzl.) Butzin; Hypodematium abyssinicum A.Rich.; Lissochilus abyssinicus (A.Rich.) T.Durand & Schinz; Lissochilus arabicus Lindl.; Lissochilus carsonii Rolfe; Lissochilus erythraeae Rolfe; Lissochilus graeferi Kraenzl.; Lissochilus graniticus Schweinf.; Lissochilus grantii Rchb.f.; Lissochilus kirkii Rolfe; Lissochilus krebsii Rchb.f.; Lissochilus morrumbalaensis De Wild.;Lissochilus oatesii Rolfe; Lissochilus oliverianus Rchb.f.; Lissochilus paivaeanus Rchb.f.; Lissochilus paivaeanus var. stenophyllus Rchb.f.; Lissochilus papilionaceus Rendle; Lissochilus renschianus Rchb.f.; Lissochilus ruwenzoriensis Rendle; Lissochilus shirensis Rendle; Lissochilus streptopetalus (Lindl.) Lindl.; Lissochilus stuhlmannii Kraenzl.; Lissochilus ukingensis Schltr.",42,"NA","Aoyama (1989)","NA",
"Eulophiinae","Eulophia pulchra ","(Thouars) Lindl.","Eulophia ambaxiana J.J.Sm.; Eulophia coccifera Frapp. ex Cordem.; Eulophia emarginata Blume; Eulophia guamensis Ames; Eulophia macrostachya Lindl.; Eulophia novoebudae Kraenzl.; Eulophia papuana F.M.Bailey; Eulophia pelorica D.L.Jones & M.A.Clem.; Eulophia pulchra var. actinomorpha W.M.Lin, Kuo Huang & T.P.Lin; Eulophia rouxii Kraenzl.; Eulophia silvatica Schltr.; Eulophia striata Rolfe; Eulophia versicolor Frapp. ex Cordem.; Eulophidium pulchrum (Thouars) Summerh.; Eulophidium silvaticum (Schltr.) Summerh.; Graphorchis macrostachya (Lindl.) Kuntze; Graphorchis pulchra (Thouars) Kuntze; Graphorkis bisdahliana Kuntze; Graphorkis blumeana Kuntze; Graphorkis calographis Thouars; Graphorkis macrostachya (Lindl.) Kuntze; Graphorkis pulchra (Thouars) Kuntze; Limodorum pulchrum Thouars; Lissochilus pulcher (Thouars) H.Perrier; Oeceoclades pulchra (Thouars) P.J.Cribb & M.A.Clem.",32,"NA","Pancho (1965)","NA",
"Eulophiinae","Eulophia spectabilis "," (Dennst.) Suresh","Cyrtopera bicolor (Ridl.) Ridl.; Cyrtopera fusca Wight; Cyrtopera gardneri Thwaites; Cyrtopera godefroyi Rchb.f.; Cyrtopera laxiflora Gardner ex Thwaites; Cyrtopera mysorensis Lindl.; Cyrtopera nuda (Lindl.) Rchb.f.; Cyrtopera plicata Lindl.; Cyrtopera regnieri Rchb.f.; Cyrtopera squalida (Lindl.) Rchb.f.; Cyrtopodium bicolor Ridl.; Cyrtopodium fuscum Trimen; Cyrtopodium squalidum (Lindl.) Vidal; Eulophia bicolor Blume; Eulophia bicolor Dalzell; Eulophia bicolor var. celebica J.J.Sm.; Eulophia burkei Rolfe ex Downie; Eulophia celebica Blume; Eulophia elata Hook.f.; Eulophia elongata Blume; Eulophia fusca (Wight) Blume; Eulophia hildebrandii Schltr.; Eulophia holochila Collett & Hemsl.; Eulophia lutea Blume; Eulophia macgregorii Ames; Eulophia mucronata Blume; Eulophia nuda Lindl.; Eulophia regnieri (Rchb.f.) Guillaumin; Eulophia squalida Lindl.; Eulophia sumatrana Blume; Geodorum pierrei Gagnep.; Graphorchis elata (Hook. f.) Kuntze; Graphorchis holochila (Collett & Hemsl.) Kuntze; Graphorchis nuda (Lindl.) Kuntze; Graphorchis squalida (Lindl.) Kuntze; Graphorchis sumatrana (Blume) Kuntze; Graphorkis elata (Hook.f.) Kuntze; Graphorkis holochila (Collett & Hemsl.) Kuntze; Graphorkis nuda (Lindl.) Kuntze; Graphorkis squalida (Lindl.) Kuntze; Graphorkis sumatrana (Blume) Kuntze; Phaius steppicolus Hand.-Mazz.; Semiphajus chevalieri Gagnep.; Wolfia spectabilis Dennst. ",32,"NA","Pancho (1965)","NA",
"Eulophiinae","Eulophia spectabilis "," (Dennst.) Suresh","Cyrtopera bicolor (Ridl.) Ridl.; Cyrtopera fusca Wight; Cyrtopera gardneri Thwaites; Cyrtopera godefroyi Rchb.f.; Cyrtopera laxiflora Gardner ex Thwaites; Cyrtopera mysorensis Lindl.; Cyrtopera nuda (Lindl.) Rchb.f.; Cyrtopera plicata Lindl.; Cyrtopera regnieri Rchb.f.; Cyrtopera squalida (Lindl.) Rchb.f.; Cyrtopodium bicolor Ridl.; Cyrtopodium fuscum Trimen; Cyrtopodium squalidum (Lindl.) Vidal; Eulophia bicolor Blume; Eulophia bicolor Dalzell; Eulophia bicolor var. celebica J.J.Sm.; Eulophia burkei Rolfe ex Downie; Eulophia celebica Blume; Eulophia elata Hook.f.; Eulophia elongata Blume; Eulophia fusca (Wight) Blume; Eulophia hildebrandii Schltr.; Eulophia holochila Collett & Hemsl.; Eulophia lutea Blume; Eulophia macgregorii Ames; Eulophia mucronata Blume; Eulophia nuda Lindl.; Eulophia regnieri (Rchb.f.) Guillaumin; Eulophia squalida Lindl.; Eulophia sumatrana Blume; Geodorum pierrei Gagnep.; Graphorchis elata (Hook. f.) Kuntze; Graphorchis holochila (Collett & Hemsl.) Kuntze; Graphorchis nuda (Lindl.) Kuntze; Graphorchis squalida (Lindl.) Kuntze; Graphorchis sumatrana (Blume) Kuntze; Graphorkis elata (Hook.f.) Kuntze; Graphorkis holochila (Collett & Hemsl.) Kuntze; Graphorkis nuda (Lindl.) Kuntze; Graphorkis squalida (Lindl.) Kuntze; Graphorkis sumatrana (Blume) Kuntze; Phaius steppicolus Hand.-Mazz.; Semiphajus chevalieri Gagnep.; Wolfia spectabilis Dennst. ",54,"NA","Chatterji (1965)","NA",
"Eulophiinae","Eulophia spectabilis "," (Dennst.) Suresh","Cyrtopera bicolor (Ridl.) Ridl.; Cyrtopera fusca Wight; Cyrtopera gardneri Thwaites; Cyrtopera godefroyi Rchb.f.; Cyrtopera laxiflora Gardner ex Thwaites; Cyrtopera mysorensis Lindl.; Cyrtopera nuda (Lindl.) Rchb.f.; Cyrtopera plicata Lindl.; Cyrtopera regnieri Rchb.f.; Cyrtopera squalida (Lindl.) Rchb.f.; Cyrtopodium bicolor Ridl.; Cyrtopodium fuscum Trimen; Cyrtopodium squalidum (Lindl.) Vidal; Eulophia bicolor Blume; Eulophia bicolor Dalzell; Eulophia bicolor var. celebica J.J.Sm.; Eulophia burkei Rolfe ex Downie; Eulophia celebica Blume; Eulophia elata Hook.f.; Eulophia elongata Blume; Eulophia fusca (Wight) Blume; Eulophia hildebrandii Schltr.; Eulophia holochila Collett & Hemsl.; Eulophia lutea Blume; Eulophia macgregorii Ames; Eulophia mucronata Blume; Eulophia nuda Lindl.; Eulophia regnieri (Rchb.f.) Guillaumin; Eulophia squalida Lindl.; Eulophia sumatrana Blume; Geodorum pierrei Gagnep.; Graphorchis elata (Hook. f.) Kuntze; Graphorchis holochila (Collett & Hemsl.) Kuntze; Graphorchis nuda (Lindl.) Kuntze; Graphorchis squalida (Lindl.) Kuntze; Graphorchis sumatrana (Blume) Kuntze; Graphorkis elata (Hook.f.) Kuntze; Graphorkis holochila (Collett & Hemsl.) Kuntze; Graphorkis nuda (Lindl.) Kuntze; Graphorkis squalida (Lindl.) Kuntze; Graphorkis sumatrana (Blume) Kuntze; Phaius steppicolus Hand.-Mazz.; Semiphajus chevalieri Gagnep.; Wolfia spectabilis Dennst. ",54,"NA","Singh (1981)","NA",
"Eulophiinae","Eulophia exaltata ","Rchb.","Bletia stricta C.Presl; Cyrtopera ensiformis Lindl.; Cyrtopodium ensiforme (Lindl.) Vidal; Eulophia exaltata var. sarasinorum Schltr.; Eulophia stricta (C.Presl) Ames; Graphorchis exaltata (Rchb. f.) Kuntze; Graphorkis exaltata (Rchb.f.) Kuntze ",32,"NA","Pancho (1965)","NA",
"Eulophiinae","Eulophia euantha","Schltr.","Eulophia abyssinica var. euantha (Schltr.) Geerinck; Eulophia speciosa Rolfe; Eulophia speciosissima Butzin ",40,"NA","Vij et al. (1982)","NA",
"Eulophiinae","Eulophia euglossa ","(Rchb.) Rchb. ex Bateman","Eulophia dusenii Kraenzl.; Galeandra euglossa Rchb.f. ","40, 41","NA","Ar-Rushdi (1971)","NA",
"Eulophiinae","Eulophia euglossa ","(Rchb.) Rchb. ex Bateman","Eulophia dusenii Kraenzl.; Galeandra euglossa Rchb.f. ",44,"NA","Burg & Laan (1980)","NA",
"Eulophiinae","Eulophia gracilis ","Lindl.","Eulophia ciliata (Schumach.) Rchb.f.; Eulophia laurentiana Kraenzl.; Eulophia preussii Kraenzl.; Eulophia virens A.Chev.; Galeandra extinctoria Lindl.; Galeandra gracilis (Lindl.) Lindl.; Graphorchis ciliata (Rchb. f.) Kuntze; Graphorchis gracilis (Lindl.) Kuntze; Graphorkis ciliata (Schumach.) Kuntze; Graphorkis gracilis (Lindl.) Kuntze; Limodorum ciliatum Schumach. ",44,"NA","Burg & Laan (1980)","NA",
"Eulophiinae","Eulophia gracilis ","Lindl.","Eulophia ciliata (Schumach.) Rchb.f.; Eulophia laurentiana Kraenzl.; Eulophia preussii Kraenzl.; Eulophia virens A.Chev.; Galeandra extinctoria Lindl.; Galeandra gracilis (Lindl.) Lindl.; Graphorchis ciliata (Rchb. f.) Kuntze; Graphorchis gracilis (Lindl.) Kuntze; Graphorkis ciliata (Schumach.) Kuntze; Graphorkis gracilis (Lindl.) Kuntze; Limodorum ciliatum Schumach. ","44, 66","NA","Ar-Rushdi (1971)","NA",
"Eulophiinae","Eulophia graminea ","Lindl.","Eulophia decipiens Kurz; Eulophia gusukumae Masam.; Eulophia inconspicua Griff.; Eulophia ramosa Hayata; Eulophia sinensis Miq.; Eulophia ucbii Malhotra & Balodi; Eulophia venusta Schltr.; Graphorchis decipiens (Kurz) Kuntze; Graphorchis graminea (Lindl.) Kuntze; Graphorchis inconspicua (Griff.) Kuntze; Graphorkis decipiens (Kurz) Kuntze; Graphorkis graminea (Lindl.) Kuntze; Graphorkis inconspicua (Griff.) Kuntze ",56,"NA","Biswas (1978)","NA",
"Eulophiinae","Eulophia ochreata"," Lindl.","Graphorchis ochreata (Lindl.) Kuntze; Graphorkis ochreata (Lindl.) Kuntze ",54,"NA","Singh (1981)","NA",
"Eulophiinae","Eulophia dabia ","(D. Don) Hochr.","Bletia dabia D.Don; Eulophia campestris Wall. ex Lindl.; Eulophia dabia (D. Don) M.S. Balakr.; Eulophia faberi Rolfe; Eulophia hemileuca Lindl.; Eulophia hormusjii Duthie; Eulophia ramentacea (Roxb.) Lindl.; Eulophia rupestris Wall. ex Lindl.; Eulophia turkestanica (Litv.) Schltr.; Geodorum ramentaceum (Roxb.) Voigt; Graphorkis campestris (Wall. ex Lindl.) Kuntze; Graphorkis dabia (D.Don) Kuntze; Graphorkis rupestris (Wall. ex Lindl.) Kuntze; Limodorum dabia (D.Don) Buch.-Ham. ex D.Don; Limodorum dubium Buch.-Ham. ex Lindl.; Limodorum ramentaceum Roxb.; Limodorum turkestanicum Litv. ",54,"NA","Kulkarni & Jorapur (1979)","NA",
"Eulophiinae","Eulophia epidendraea"," (J. Koenig) C. E. C. Fisch.","Aerobion carinatum Spreng.; Alismorkis carinata (Willd.) Kuntze; Angraecum carinatum (Willd.) Kostel.; Calanthe carinata (Willd.) Lindl.; Eulophia carinata (Willd.) Lindl.; Eulophia epidendroides (Willd.) Schltr.; Eulophia virens (Roxb.) Spreng.; Eulophia viridiflora Steud.; Eulophus carinatus (Willd.) R.Br.; Eulophus virens (Roxb.) R.Br.; Graphorkis virens (Roxb.) Kuntze; Limodorum carinatum Willd.; Limodorum epidendroides Willd.; Limodorum variegatum Lam.; Limodorum virens Roxb.; Serapias epidendraea J.Koenig ex Retz. ",54,"NA","Vijayakumar & Subramanian (1994)","NA",
"Eulophiinae","Eulophia cristata ","(Afzel. ex Sw.) Steud.","Eulophia articulata (Schumach.) Lindl.;Eulophia longibracteata (Lindl.) T.Durand & Schinz; Eulophia sarticulata Lindl.; Galeandra longibracteata Lindl.; Graphorchis articulata (Lindl.) Kuntze; Graphorchis cristata (Steud.) Kuntze; Graphorkis articulata (Schumach.) Kuntze; Graphorkis cristata (Afzel. ex Sw.) Kuntze; Limodorum articulatum Schumach.; Limodorum cristatum Afzel. ex Sw.; Lissochilus heudelotii Rchb.f.; Lissochilus purpuratus Lindl.; Lissochilus uliginosus Rolfe ",46,"NA","Ar-Rushdi (1971)","NA",
"Eulophiinae","Eulophia promensis ","Lindl.","Ania promensis (Lindl.) Senghas; Ascotainia promensis (Lindl.) Schltr.; Eulophia geniculata King & Pantl.; Eulophia massiei Guillaumin; Tainia promensis (Lindl.) Hook.f.",38,"NA","Chatterji (1965)","NA",
"Eulophiinae","Eulophia horsfallii ","(Bateman) Summerh.","Eulophia alexandri (Rchb.f.) Butzin; Eulophia dybowskii (God.-Leb.) Butzin; Eulophia eleogena (Schltr.) Butzin; Eulophia huillensis Butzin; Eulophia keiliana (Kraenzl.) Butzin; Eulophia magnicristata Szlach. & Olszewski; Eulophia mahonii (Rolfe) A.D.Hawkes; Eulophia multicolor (Kraenzl.) Butzin; Eulophia porphyroglossa (Rchb.f.) Bolus; Eulophia rosea A.D.Hawkes; Eulophia sandersonii (Rchb.f.) A.D.Hawkes; Eulophia sceptrum (Schltr.) Butzin; Eulophia scottii Butzin; Lissochilus alexandri Rchb.f.; Lissochilus dybowskii God.-Leb.; Lissochilus eleogenus Schltr.; Lissochilus elliotii Rendle; Lissochilus horsfallii Bateman; Lissochilus keilianus Kraenzl.; Lissochilus mahonii Rolfe; Lissochilus multicolor Kraenzl.; Lissochilus porphyroglossus Rchb.f.; Lissochilus sandersonii Rchb.f.; Lissochilus sceptrum Schltr.; Lissochilus transvaalensis Rolfe; Lissochilus welwitschii Rchb.f. ",62,"NA","Ar-Rushdi (1971)","NA",
"Eulophiinae","Eulophia aculeata subsp. huttonii ","(Rolfe) A. V. Hall","Eulophia huttonii Rolfe ","NA",27,"Hall (1965)","NA",
"Eulophiinae","Eulophia angolensis ","(Rchb.) Summerh.","Cymbidium angolense Rchb.f.; Cyrtopera stolziana Kraenzl.; Eulophia buchananii (Rchb.f.) Bolus; Eulophia lindleyana (Rchb.f.) Schltr.; Eulophia stolziana (Kraenzl.) Engl.; Lissochilus angolensis (Rchb.f.) Rchb.f.; Lissochilus antunesii Rolfe; Lissochilus buchananii Rchb.f.; Lissochilus eylesii Rendle; Lissochilus katentaniensis De Wild.; Lissochilus latus Rolfe; Lissochilus lindleyanus Rchb.f.; Lissochilus mildbraedii Kraenzl.; Lissochilus paludicolus Rchb.f.; Lissochilus platypterus Rchb.f.; Lissochilus stolzianus (Kraenzl.) Schltr.; Lissochilus ugandae Rolfe; Lissochilus validus Rendle; Lissochilus validus var. minor Rendle ","NA","34, 35, 36, 37, 38","Hall (1965)","NA",
"Eulophiinae","Eulophia hians","Spreng.","Eulophia clavicornis Lindl. ; Eulophia emarginata Lindl.; Eulophia hians var. hians; Eulophia obcordata Rolfe; Eulophia violacea Rchb.f.; Graphorchis clavicornis (Lindl.) Kuntze; Graphorchis emarginata (Lindl.) Kuntze; Graphorchis hians (Spreng.) Kuntze; Graphorchis violacea (Rchb. f.) Kuntze; Graphorkis clavicornis (Lindl.) Kuntze; Graphorkis emarginata (Lindl.) Kuntze; Graphorkis violacea (Rchb.f.) Kuntze ","NA",50,"Hall (1965)","NA",
"Eulophiinae","Eulophia hians var. nutans ","(Sond.) S. Thomas","Eulophia aemula Schltr.; Eulophia amajubae Schltr.; Eulophia bathiei Schltr.; Eulophia buchananii Rolfe; Eulophia carunculifera Rchb.f.; Eulophia clavicornis var. nutans (Sond.) A.V.Hall; Eulophia crinita Rolfe; Eulophia decurva Schltr.; Eulophia ernestii Schltr.; Eulophia flanaganii Bolus; Eulophia galpinii Schltr.; Eulophia gladioloides Rolfe; Eulophia laxiflora Schltr.; Eulophia madagascariensis Kraenzl.; Eulophia nelsonii Rolfe; Eulophia nutans Sond.; Eulophia purpurascens Rolfe; Eulophia triloba Rolfe; Eulophia vaginata Ridl.; Eulophia vleminckxiana Geerinck & Schaijes; Graphorchis madagascariensis (Kraenzl.) Kuntze; Graphorchis nutans (Sond.) Kuntze; Graphorchis vaginata (Ridl.) Kuntze; Graphorkis madagascariensis (Kraenzl.) Kuntze; Graphorkis nutans (Sond.) Kuntze; Graphorkis vaginata (Ridl.) Kuntze; Lissochilus vaginatus H.Perrier ","NA","25, 47","Hall (1965)","NA",
"Eulophiinae","Eulophia ensata ","Lindl.","Eulophia oblonga Rolfe; Graphorchis ensata (Lindl.) Kuntze; Graphorkis ensata (Lindl.) Kuntze ","NA",27,"Hall (1965)","NA",
"Eulophiinae","Eulophia foliosa ","(Lindl.) Bolus","Cymbidium buchananii Rchb.f.; Cyrtopera foliosa Lindl.; Eulophia boltonii Harv. ex Rolfe; Eulophia buchananii (Rchb.f.) T.Durand & Schinz; Eulophia inamoena Kraenzl.; Eulophia reichenbachiana Bolus ","NA",27,"Hall (1965)","NA",
"Eulophiinae","Eulophia fridericii ","(Rchb.) A. V. Hall","Eulophia roseolabia (Schltr.) Butzin; Lissochilus fridericii Rchb.f.; Lissochilus latifolius Schltr.; Lissochilus roseolabius Schltr. ","NA",24,"Hall (1965)","NA",
"Eulophiinae","Eulophia leachii ","Greatrex ex A. V. Hall",,"NA",26,"Hall (1965)","NA",
"Eulophiinae","Eulophia leontoglossa ","Rchb.","Eulophia stenantha Schltr. ","NA",27,"Hall (1965)","NA",
"Eulophiinae","Eulophia macowanii ","Rolfe","Eulophia schnelliae L.Bolus ","NA",28,"Hall (1965)","NA",
"Eulophiinae","Eulophia ovalis ","Lindl.","Eulophia bakeri Rolfe; Eulophia deflexa Rolfe; Eulophia dregeana Lindl.; Eulophia haygarthii Rolfe; Eulophia ovalis subsp. ovalis; Eulophia ovalis var. ovalis; Eulophia ovatipetala Rolfe; Eulophia thunbergii Rolfe; Graphorchis dregeana (Lindl.) Kuntze; Graphorchis ovalis (Lindl.) Kuntze; Graphorkis dregeana (Lindl.) Kuntze; Graphorkis ovalis (Lindl.) Kuntze ","NA","21, 40","Hall (1965)","NA",
"Eulophiinae","Eulophia parviflora ","(Lindl.) A. V. Hall","Cyrtopera oliveriana Rchb.f.; Eulophia aequalis (Lindl.) Bolus; Eulophia bilamellata Schltr.; Eulophia bilamellata var. euryceras Schltr.; Eulophia elegantula Rolfe; Eulophia inandensis Rolfe; Eulophia oliveriana (Rchb.f.) Bolus; Eulophia rupestris Rchb.f.; Eulophia rupincola Rchb.f.; Eulophia saundersiae Rolfe; Eulophia swynnertonii Rendle; Lissochilus aequalis Lindl.; Lissochilus parviflorus Lindl. ","NA",25,"Hall (1965)","NA",
"Eulophiinae","Eulophia speciosa","(R. Br.) Bolus","Cymbidium giganteum (L.f.) Sw.; Cyrtopera gigantea (L.f.) Lindl.; Epidendrum giganteum (L.f.) Poir.; Eulophia austrooccidentalis Sölch; Eulophia brevisepala (Rendle) Summerh.; Eulophia caloptera (Rchb.f.) Summerh.; Eulophia coutreziana Geerinck; Eulophia dispersa N.E.Br.; Eulophia granitica (Rchb. f.) Butzin; Eulophia granitica (Rchb.f.) Cufod.; Eulophia homblei (De Wild.) Butzin; Eulophia leucantha (Kraenzl.) Sölch; Eulophia sapinii De Wild.; Eulophia speciosa var. culveri Schltr.; Eulophia volkensii (Rolfe) Butzin; Eulophia wakefieldii (Rchb.f. & S.Moore) Summerh.; Limodorum giganteum (L.f.) Thunb.; Lissochilus brevisepalus Rendle; Lissochilus calopterus Rchb.f.; Lissochilus dispersus (N.E.Br.) Rolfe; Lissochilus graniticus Rchb.f.; Lissochilus hereroensis Kraenzl.; Lissochilus homblei De Wild.; Lissochilus leucanthus Kraenzl.; Lissochilus rendlei Rolfe; Lissochilus sapinii De Wild.; Lissochilus speciosus R.Br.; Lissochilus speciosus var. culveri (Schltr.) Rolfe; Lissochilus volkensii Rolfe; Lissochilus wakefieldii Rchb.f. & S.Moore; Satyrium giganteum L.f. ","NA",20,"Hall (1965)","NA",
"Eulophiinae","Eulophia tenella ","Rchb.","Eulophia collina Schltr.; Eulophia flaccida Schltr.; Eulophia mossambicensis Schelpe; Eulophia natalensis Rchb.f.; Graphorkis natalensis (Rchb.f.) Kuntze; Graphorkis tenella (Rchb.f.) Kuntze","NA",60,"Hall (1965)","NA",
"Eulophiinae","Eulophia tuberculata","Bolus","Eulophia verrucosa (Rolfe) Butzin; Lissochilus leendertziae Schltr.; Lissochilus platypetalus Lindl.; Lissochilus verrucosus Rolfe","NA",50,"Hall (1965)","NA",
"Eulophiinae","Eulophia welwitschii","(Rchb.) Rolfe","Orthochilus welwitschii Rchb.f.","NA",27,"Hall (1965)","NA",
"Eulophiinae","Eulophia zeyheriana ","Sond.","Eulophia brachystyla Schltr.; Graphorchis zeyheriana (Sond.) Kuntze; Graphorkis zeyheriana (Sond.) Kuntze ","NA",56,"Hall (1965)","NA",
"Eulophiinae","Genus Eulophiella Rolfe (5 species)",,,,,,,
"Eulophiinae","Eulophiella x rolfei","Dupont",,52,"NA","Aoyama (1989)","NA",
"Eulophiinae","Eulophiella elisabethae","Linden & Rolfe","Eulophiella perrieri Schltr. ",52,"NA","Kondo et al. (2003)","NA",
"Eulophiinae","Eulophiella roempleriana","(Rchb.f.) Schltr.","Eulophiella hamelinii Baill. ex Rolfe; Eulophiella peetersiana Kraenzl.; Eulophiella peetersiana f. rubra Hochr.; Grammatophyllum roemplerianum Rchb.f.",52,"NA","Aoyama (1989)","NA",
"Eulophiinae","Eulophiella roempleriana","(Rchb.f.) Schltr.","Eulophiella hamelinii Baill. ex Rolfe; Eulophiella peetersiana Kraenzl.; Eulophiella peetersiana f. rubra Hochr.; Grammatophyllum roemplerianum Rchb.f.",52,"NA","Kondo et al. (2003)","NA",
"Eulophiinae","Genus Grammangis Rchb. f. (2 species)",,,,,,,
"Eulophiinae","Grammangis ellisii ","(Lindl.) Rchb.","Gabertia ellisii (Lindl.) Gaudich.; Grammangis ellisii var. dayanum Rchb.f.; Grammangis fallax Schltr.; Grammatophyllum ellisii Lindl. ",54,"NA","Aoyama (1989)","NA",
"Eulophiinae","Genus Oeceoclades Lindl. (38 species)",,,,,,,
"Eulophiinae","Oeceoclades saundersiana","(Rchb.f.) Garay & P.Taylor","Eulophia bieleri De Wild.; Eulophia mildbraedii Kraenzl.; Eulophia saundersiana Rchb.f.; Eulophidium saundersianum (Rchb.f.) Summerh.; Graphorchis saundersiana (Rchb. f.) Kuntze; Graphorkis saundersiana (Rchb.f.) Kuntze; Lissochilus barombensis Kraenzl. ",58,"NA","Aoyama (1989)","NA",
"Eulophiinae","Oeceoclades saundersiana","(Rchb.f.) Garay & P.Taylor","Eulophia bieleri De Wild.; Eulophia mildbraedii Kraenzl.; Eulophia saundersiana Rchb.f.; Eulophidium saundersianum (Rchb.f.) Summerh.; Graphorchis saundersiana (Rchb. f.) Kuntze; Graphorkis saundersiana (Rchb.f.) Kuntze; Lissochilus barombensis Kraenzl. ",58,"NA","Ar-Rushdi (1971)","NA",
"Eulophiinae","Oeceoclades maculata","(Lindl.) Lindl.","Angraecum maculatum Lindl.; Angraecum monophyllum A.Rich.; Epidendrum connivens Vell.; Eulophia ledienii Stein ex N.E.Br.; Eulophia liedenii N.E.Br.; Eulophia mackenii Rolfe ex Hemsl.; Eulophia maculata (Lindl.) Rchb.f.; Eulophia monophylla (A.Rich.) S.Moore; Eulophidium liedenii (N.E.Br.) De Wild.; Eulophidium mackenii (Rolfe ex Hemsl.) Schltr.; Eulophidium maculatum (Lindl.) Pfitzer; Eulophidium maculatum var. pterocarpum Hauman; Eulophidium monophyllum (A.Rich.) Schltr.; Eulophidium nyassanum Schltr.; Eulophidium warneckeanum Kraenzl.; Geodorum pictum Link; Geodorum pictum Link & Otto; Graphorchis maculata (Lindl.) Kuntze; Graphorkis maculata (Lindl.) Kuntze; Limodorum maculatum (Lindl.) Lodd.; Oeceoclades mackenii (Rolfe ex Hemsl.) Garay & P.Taylor; Oeceoclades maculata var. pterocarpa (Hauman) Garay & P.Taylor; Oeceoclades monophylla (A.Rich.) Garay & P.Taylor; Oeceoclades paraguayensis Hauman ",46,"NA","Guerra (1986)","NA",
"Eulophiinae","Oeceoclades maculata","(Lindl.) Lindl.","Angraecum maculatum Lindl.; Angraecum monophyllum A.Rich.; Epidendrum connivens Vell.; Eulophia ledienii Stein ex N.E.Br.; Eulophia liedenii N.E.Br.; Eulophia mackenii Rolfe ex Hemsl.; Eulophia maculata (Lindl.) Rchb.f.; Eulophia monophylla (A.Rich.) S.Moore; Eulophidium liedenii (N.E.Br.) De Wild.; Eulophidium mackenii (Rolfe ex Hemsl.) Schltr.; Eulophidium maculatum (Lindl.) Pfitzer; Eulophidium maculatum var. pterocarpum Hauman; Eulophidium monophyllum (A.Rich.) Schltr.; Eulophidium nyassanum Schltr.; Eulophidium warneckeanum Kraenzl.; Geodorum pictum Link; Geodorum pictum Link & Otto; Graphorchis maculata (Lindl.) Kuntze; Graphorkis maculata (Lindl.) Kuntze; Limodorum maculatum (Lindl.) Lodd.; Oeceoclades mackenii (Rolfe ex Hemsl.) Garay & P.Taylor; Oeceoclades maculata var. pterocarpa (Hauman) Garay & P.Taylor; Oeceoclades monophylla (A.Rich.) Garay & P.Taylor; Oeceoclades paraguayensis Hauman ",58,"NA","Burg & Laan (1980)","NA",
"Eulophiinae","Oeceoclades calcarata ","(Schltr.) Garay & P.Taylor","Cymbidium calcaratum Schltr.; Eulophia calcarata (Schltr.) Schltr.; Eulophia paniculata Rolfe; Eulophidium paniculatum (Rolfe) Summerh.; Lissochilus paniculatus (Rolfe) H.Perrier ",60,"NA","Aoyama (1989)","NA",
"Eulophiinae","Genus Geodorum Jacks. (38 species)",,,,,,,
"Eulophiinae","Geodorum pallidum"," D. Don","Cymbidium nutans (Roxb.) Sw.; Geodorum purpureum R.Br.; Limodorum nutans Roxb.; Malaxis nutans (Roxb.) Willd. ",52,"NA","Biswas (1980b)","NA",
"Eulophiinae","Geodorum densiflorum","(Lam.) Schltr.","Arethusa glutinosa Blanco; Cistella cernua (Willd.) Blume; Cymbidium pictum R.Br.; Dendrobium haenkeanum Steud.; Dendrobium nutans C.Presl; Geodorum candidum (Roxb.) Lindl.; Geodorum formosanum Rolfe ex Hemsl.; Geodorum fucatum Lindl.; Geodorum neocaledonicum Kraenzl.; Geodorum nutans (C.Presl) Ames; Geodorum pacificum Rolfe; Geodorum pictum (R.Br.) Lindl.; Geodorum rariflorum Lindl.; Geodorum semicristatum Lindl.; Geodorum tricarinatum Schltr.; Limodorum candidum Roxb.; Limodorum densiflorum Lam.; Malaxis cernua Willd.; Ortmannia cernua (Willd.) Opiz; Otandra cernua (Willd.) Salisb.; Tropidia grandis Hance ",36,"NA","Pancho (1965)","NA",
"Eulophiinae","Geodorum densiflorum","(Lam.) Schltr.","Arethusa glutinosa Blanco; Cistella cernua (Willd.) Blume; Cymbidium pictum R.Br.; Dendrobium haenkeanum Steud.; Dendrobium nutans C.Presl; Geodorum candidum (Roxb.) Lindl.; Geodorum formosanum Rolfe ex Hemsl.; Geodorum fucatum Lindl.; Geodorum neocaledonicum Kraenzl.; Geodorum nutans (C.Presl) Ames; Geodorum pacificum Rolfe; Geodorum pictum (R.Br.) Lindl.; Geodorum rariflorum Lindl.; Geodorum semicristatum Lindl.; Geodorum tricarinatum Schltr.; Limodorum candidum Roxb.; Limodorum densiflorum Lam.; Malaxis cernua Willd.; Ortmannia cernua (Willd.) Opiz; Otandra cernua (Willd.) Salisb.; Tropidia grandis Hance ",52,"NA","Biswas (1980b)","NA",
"Eulophiinae","Geodorum densiflorum","(Lam.) Schltr.","Arethusa glutinosa Blanco; Cistella cernua (Willd.) Blume; Cymbidium pictum R.Br.; Dendrobium haenkeanum Steud.; Dendrobium nutans C.Presl; Geodorum candidum (Roxb.) Lindl.; Geodorum formosanum Rolfe ex Hemsl.; Geodorum fucatum Lindl.; Geodorum neocaledonicum Kraenzl.; Geodorum nutans (C.Presl) Ames; Geodorum pacificum Rolfe; Geodorum pictum (R.Br.) Lindl.; Geodorum rariflorum Lindl.; Geodorum semicristatum Lindl.; Geodorum tricarinatum Schltr.; Limodorum candidum Roxb.; Limodorum densiflorum Lam.; Malaxis cernua Willd.; Ortmannia cernua (Willd.) Opiz; Otandra cernua (Willd.) Salisb.; Tropidia grandis Hance ",52,"NA","Mehra & Sehgal (1978)","NA",
"Eulophiinae","Geodorum densiflorum","(Lam.) Schltr.","Arethusa glutinosa Blanco; Cistella cernua (Willd.) Blume; Cymbidium pictum R.Br.; Dendrobium haenkeanum Steud.; Dendrobium nutans C.Presl; Geodorum candidum (Roxb.) Lindl.; Geodorum formosanum Rolfe ex Hemsl.; Geodorum fucatum Lindl.; Geodorum neocaledonicum Kraenzl.; Geodorum nutans (C.Presl) Ames; Geodorum pacificum Rolfe; Geodorum pictum (R.Br.) Lindl.; Geodorum rariflorum Lindl.; Geodorum semicristatum Lindl.; Geodorum tricarinatum Schltr.; Limodorum candidum Roxb.; Limodorum densiflorum Lam.; Malaxis cernua Willd.; Ortmannia cernua (Willd.) Opiz; Otandra cernua (Willd.) Salisb.; Tropidia grandis Hance ",54,"NA","Aoyama (1989)","NA",
"Eulophiinae","Geodorum densiflorum","(Lam.) Schltr.","Arethusa glutinosa Blanco; Cistella cernua (Willd.) Blume; Cymbidium pictum R.Br.; Dendrobium haenkeanum Steud.; Dendrobium nutans C.Presl; Geodorum candidum (Roxb.) Lindl.; Geodorum formosanum Rolfe ex Hemsl.; Geodorum fucatum Lindl.; Geodorum neocaledonicum Kraenzl.; Geodorum nutans (C.Presl) Ames; Geodorum pacificum Rolfe; Geodorum pictum (R.Br.) Lindl.; Geodorum rariflorum Lindl.; Geodorum semicristatum Lindl.; Geodorum tricarinatum Schltr.; Limodorum candidum Roxb.; Limodorum densiflorum Lam.; Malaxis cernua Willd.; Ortmannia cernua (Willd.) Opiz; Otandra cernua (Willd.) Salisb.; Tropidia grandis Hance ",54,"NA","Mehra & Sehgal (1978)","NA",
"Eulophiinae","Genus Cymbidiella Rolfe (3 species)",,,,,,,
"Eulophiinae","Cymbidiella flabellata ","(Thouars) Rolfe","Caloglossum flabellatum (Thouars) Schltr.; Cymbidiella perrieri Schltr.; Cymbidium flabellatum (Thouars) Spreng.; Graphorkis flabellata (Spreng.) Kuntze; Limodorum flabellatum Thouars ",52,"NA","Aoyama (1989)","NA",
"Eulophiinae","Cymbidiella pardalina ","(Rchb.) Garay","Caloglossum rhodochilum (Rolfe) Schltr.; Cymbidiella rhodochila (Rolfe) Rolfe; Cymbidium loise-chauvierii hort.; Cymbidium rhodochilum Rolfe; Grammangis pardalina Rchb.f. ",52,"NA","Aoyama (1989)","NA",
"Eulophiinae","Cymbidiella pardalina ","(Rchb.) Garay","Caloglossum rhodochilum (Rolfe) Schltr.; Cymbidiella rhodochila (Rolfe) Rolfe; Cymbidium loise-chauvierii hort.; Cymbidium rhodochilum Rolfe; Grammangis pardalina Rchb.f. ",54,"NA","Wimber","NA",